"","actual","pred"
"3668-QPYBK",1,0.581551214400045
"1452-KIOVK",0,0.419369178061452
"9763-GRSKD",0,0.127572808534021
"1066-JKSGK",1,0.429526273027209
"6322-HRPFA",0,0.0823782805429865
"6467-CHFZW",1,0.470439198118856
"3841-NFECX",0,0.0245405797101449
"6827-IEAUQ",0,0.0174666666666667
"3413-BMNZE",0,0.550662339866306
"6572-ADKRS",0,0.309284792201181
"9489-DEDVP",0,0.0194391343150379
"7639-LIAYI",0,0.0490770711024136
"5698-BQJOH",1,0.759868122361866
"8627-ZYGSZ",0,0.1204915997345
"3170-NMYVV",0,0.0127171020873807
"1862-QRWPE",0,0.00322615386773807
"3016-KSVCP",0,0.230057386800122
"9848-JQJTX",0,0.170645658218177
"3212-KXOCR",0,0.0186189337711007
"6380-ARCEH",0,0.392956234084597
"5386-THSLQ",0,0.117117669172932
"3071-VBYPO",0,0.323575622765419
"8402-OOOHJ",0,0.00119102454565104
"6734-PSBAW",0,0.00251583973285948
"2876-GZYZC",0,0.701894613000307
"7799-LGRDP",0,0.0238275464614178
"2636-SJDOU",0,0.0452656565656566
"3466-BYAVD",0,0.16067028690264
"9073-ZZIAY",0,0.0135067569019229
"4482-EWFMI",0,0.620408579478042
"1159-WFSGR",0,0.0705687137369713
"1875-QIVME",1,0.657173798339542
"6727-IOTLZ",0,0.0897222222222222
"5918-VUKWP",0,0.0332359314614786
"6317-YPKDH",1,0.353794016188904
"9178-JHUVJ",0,0.0164374346203796
"1285-OKIPP",1,0.929280621305995
"9903-LYSAB",0,0.562776061347704
"6292-TOSSS",0,0.0423722379275398
"7633-MVPUY",0,0.0182490421455939
"4716-HHKQH",0,0.531598980999067
"4130-MZLCC",0,0.453899647942082
"0314-TKOSI",0,0.400041787822804
"9512-UIBFX",1,0.336501760699562
"5583-SXDAG",1,0.82039249885312
"2985-JUUBZ",0,0.363306202941343
"4091-TVOCN",0,0.0930111111111111
"1098-TDVUQ",0,0.324611503685748
"1557-EMYVT",0,0.14135030865454
"8705-WZCYL",0,0.53348925889178
"2739-CACDQ",0,0.50627632245691
"7982-VCELR",0,0.305833950425926
"9639-BUJXT",0,0.0280385007552943
"5924-SNGKP",0,0.00292072340216522
"2034-GDRCN",1,0.845700782295043
"0513-RBGPE",0,0.0251777777777778
"3351-NGXYI",0,0.474977628545457
"9057-MSWCO",1,0.345744843391902
"9833-TGFHX",0,0.173624812030075
"3520-FJGCV",0,0.0148187155255941
"2805-EDJPQ",0,0.144329352337862
"4895-TMWIR",1,0.18000495840919
"8782-LKFPK",0,0.321033005742833
"5522-JBWMO",0,0.391491167473585
"0224-RLWWD",0,0.678708506654413
"2519-ERQOJ",0,0.170197015265436
"2277-AXSDC",0,0.0174361675856788
"3067-SVMTC",0,0.018376026272578
"5233-AOZUF",0,0.493735529955627
"1996-DBMUS",0,0.518750354783919
"7916-VCCPB",0,0.364034366424382
"7663-ZTEGJ",0,0.161713736746422
"2055-SIFSS",0,0.210050476944871
"4360-PNRQB",0,0.403703759845761
"9063-ZGTUY",1,0.201689818938704
"7781-HVGMK",0,0.014911631537861
"6048-NJXHX",0,0.00403688370840967
"2320-SLKMB",0,0.187801731601732
"4980-URKXC",0,0.0388148507907327
"7752-XUSCI",1,0.319632301180625
"0732-OCQOC",0,0.00952976633656011
"0256-LTHVJ",1,0.370505153840259
"5149-CUZUJ",0,0.11842962962963
"0942-KOWSM",0,0.0424330601092896
"9076-AXYIK",0,0.0976407484227811
"5949-XIKAE",1,0.622465307704354
"6778-YSNIH",0,0.397640400929061
"8205-OTCHB",1,0.191479365079365
"7803-XOCCZ",0,0.130466032141375
"9412-GHEEC",1,0.412374496400386
"4109-CYRBD",0,0.324233174979127
"1342-JPNKI",1,0.690460507351616
"6986-IJDHX",1,0.164643695193695
"5301-GAUUY",1,0.235028997338599
"2501-XWWTZ",0,0.27481915047596
"6815-ABQFQ",0,0.376413868726212
"7343-EOBEU",0,0.158275859346196
"3701-SFMUH",0,0.257935991759437
"7319-VENRZ",0,0.207266865515437
"5846-NEQVZ",0,0.0468508806262231
"0308-IVGOK",0,0.131074358974359
"4710-FDUIZ",1,0.264078502977845
"2393-DIVAI",0,0.167576812866045
"4568-KNYWR",0,0.00856190476190476
"0795-LAFGP",0,0.00493917637009396
"0719-SYFRB",1,0.21424947705803
"5172-MIGPM",0,0.342413848140164
"5173-ZXXXL",0,0.109643991303372
"2001-MCUUW",0,0.185487637300925
"8672-OAUPW",0,0.0947120051085568
"6543-CPZMK",1,0.379027714821021
"4765-OXPPD",1,0.204030592241535
"6689-VRRTK",0,0.409742688031307
"6464-KEXXH",0,0.337593454117223
"7134-MJPDY",0,0.368511168875476
"4851-BQDNX",0,0.360792885836813
"2469-DTSGX",0,0.154643684667823
"9931-KGHOA",0,0.108108094519859
"7207-RMRDB",1,0.542593876638827
"7954-MLBUN",0,0.0501503062685176
"4913-EHYUI",1,0.179982700188259
"0970-ETWGE",1,0.635309682916633
"4908-XAXAY",0,0.0918798245614035
"5644-PDMZC",1,0.629501734121005
"9565-FLVCG",0,0.0463312169312169
"8755-OGKNA",0,0.00182647416321291
"5642-MHDQT",0,0.0323351507901472
"3276-HDUEG",1,0.761168870608471
"9092-GDZKO",0,0.067522168583434
"0823-HSCDJ",1,0.382586302579
"3729-OWRVL",0,0.154679791040925
"7501-IWUNG",0,0.0467458454974175
"7251-LJBQN",0,0.226739700393644
"8262-COGGB",0,0.320350303134609
"9620-QJREV",0,0.00206590923695512
"0078-XZMHT",0,0.0045
"5896-NPFWW",1,0.659737707306571
"1525-LNLOJ",0,0.044330303030303
"7133-VBDCG",1,0.224552274441057
"3347-YJZZE",0,0.16937537746806
"1029-QFBEN",1,0.265309419625662
"7929-DMBCV",0,0.270104532107096
"5575-TPIZQ",0,0.234938214879296
"8434-VGEQQ",0,0.00100318163813238
"6549-YMFAW",0,0.213674519605678
"2684-EIWEO",1,0.211303970725286
"4018-PPNDW",0,0.00114504534942732
"2499-AJYUA",0,0.0494055152382739
"8224-IVVPA",0,0.0963336219336219
"0030-FNXPP",0,0.150246776338085
"2189-WWOEW",1,0.465989161427747
"1894-IGFSG",1,0.305271608947508
"1266-NZYUI",0,0.129939813519814
"4718-DHSMV",0,0.444153302985011
"0236-HFWSV",1,0.524343834195536
"8823-RLPWL",0,0.00676247526760957
"4992-LTJNE",0,0.0397428571428571
"7131-ZQZNK",0,0.0118649648711944
"5671-RQRLP",0,0.0805286966046002
"3138-BKYAV",1,0.696415478144837
"7382-DFJTU",0,0.337812407446834
"2798-NYLMZ",0,0.23518132175716
"3551-GAEGL",0,0.0828941520467836
"3196-NVXLZ",0,0.463603746237182
"6275-YDUVO",1,0.638715422942159
"4220-TINQT",0,0.308729581122861
"3643-AHCFP",1,0.732733192311762
"9146-JRIOX",0,0.183196622223006
"3487-EARAT",0,0.0934004254038064
"9231-ZJYAM",1,0.727803921165956
"8184-WMOFI",0,0.0587809523809524
"6982-SSHFK",1,0.342642838682632
"3224-DFQNQ",0,0.104611634145183
"5275-PMFUT",0,0
"3313-QKNKB",1,0.1305
"1764-VUUMT",0,0.0019286133148835
"1258-YMZNM",0,0.26850696205755
"7549-MYGPK",1,0.394803062072027
"9227-LUNBG",1,0.417223935125706
"0379-DJQHR",0,0.0397760551475369
"0835-JKADZ",0,0.105643451734275
"7508-SMHXL",0,0.603119222645386
"6024-RUGGH",0,0.0146690913421138
"5149-TGWDZ",0,0.292041923625952
"4301-VVZKA",0,0.673383526516849
"7074-IEVOJ",1,0.784351652756523
"6115-ZTBFQ",0,0.0180449648711944
"9904-EHEVJ",0,0.438365945823348
"8388-FYNPZ",0,0.226920610382784
"9489-UTFKA",0,0.273154872251931
"3158-MOERK",1,0.893341978226476
"0556-FJEGU",0,0.0178
"5879-SESNB",0,0.579111621538182
"2604-XVDAM",0,0.157939878609729
"3842-IYKUE",1,0.168564552611971
"1374-DMZUI",1,0.825676322222523
"0929-HYQEW",0,0.446809586337497
"7147-AYBAA",0,0.360258118747194
"6732-FZUGP",0,0.0889794817927171
"8329-GWVPJ",0,0.479051833647994
"2632-TACXW",0,0.00158539369757312
"1767-CJKBA",0,0.0101466205611959
"7296-PIXQY",0,0.534700815334275
"5669-SRAIP",1,0.433380288999213
"5981-ITEMU",1,0.426368859581063
"3486-NPGST",0,0.00184287924416984
"2074-GKOWZ",1,0.63424595959596
"3097-NNSPB",1,0.512669023592391
"4194-WHFCB",0,0.126357178513445
"9845-PEEKO",0,0.116701371287121
"0455-XFASS",0,0.502406850534499
"9878-TNQGW",1,0.780445712415388
"9170-ARBTB",0,0.00743373799050961
"4546-FOKWR",0,0.573494716263024
"9036-CSKBW",0,0.331050221378623
"6921-OZMFH",0,0.433384377610693
"4712-UYOOI",0,0.0573372683353507
"7722-CVFXN",0,0.309406018912182
"4159-NAAIX",0,0.232153535047296
"3391-JSQEW",0,0.0926581355448079
"0343-QLUZP",0,0.0165929606625259
"3312-UUMZW",0,0.479527000862487
"1271-UODNO",0,0.0658398268398268
"1047-NNCBF",0,0.324182048614668
"3696-XRIEN",0,0.0909794520547945
"4081-DYXAV",1,0.202949312933843
"3522-CDKHF",0,0.371048396182607
"4320-QMLLA",0,0.365392595865845
"8292-ITGYJ",0,0.00330043406154441
"5868-CZJDR",1,0.579483352435376
"7129-ACFOG",0,0.4138007089974
"4189-NAKJS",0,0.141344877166908
"5461-QKNTN",0,0.384619187567793
"5673-FSSMF",1,0.580231206897854
"8089-UZWLX",0,0.156884971427865
"8221-HVAYI",0,0.0339111111111111
"0455-ENTCR",0,0.0281666666666667
"9087-EYCPR",0,0.00868458632065382
"8268-YDIXR",0,0.141491101055807
"4291-SHSBH",0,0.630932300155536
"0040-HALCW",0,0.0012929876700442
"1618-CFHME",1,0.747978839298978
"7115-IRDHS",0,0.00145273327940441
"0178-SZBHO",0,0.349706762544201
"1689-MRZQR",1,0.338164550206057
"2788-CJQAQ",0,0.00482097753651901
"0096-FCPUF",0,0.115054277753563
"0668-OGMHD",0,0.251633984470981
"9408-HRXRK",0,0.253427398582078
"9220-ZNKJI",0,0.0653666666666667
"4030-VPZBD",1,0.4924111632236
"5529-GIBVH",0,0.00142404439936055
"4187-CINZD",1,0.1451656711568
"9681-KYGYB",0,0.246751754385965
"9531-NSBMR",0,0.0136636506424599
"9134-CEQMF",1,0.53941571689005
"9968-FFVVH",0,0.00560833333333333
"3108-PCCGG",0,0.0303012032321208
"1291-CUOCY",0,0.0937643902459351
"4945-RVMTE",0,0.192709710040329
"1866-NXPSP",0,0.0790462962962963
"1907-YLNYW",0,0.176098930843458
"1725-MIMXW",1,0.234504011075782
"6682-VCIXC",0,0.0794640692640693
"2845-HSJCY",1,0.690916430209768
"7130-YXBRO",0,0.301444944468064
"7249-WBIYX",1,0.746362054510057
"6250-CGGUN",0,0.0669076441102757
"8999-YPYBV",0,0.015547619047619
"1131-SUEKT",0,0.177557877097338
"8060-HIWJJ",0,0.00930114942528736
"7684-XSZIY",0,0.00102874062652958
"9885-AIBVB",0,0.443897339295464
"1934-MKPXS",0,0.00114553344664334
"2272-JKMSI",0,0.180367455701995
"7024-OHCCK",1,0.89717208264638
"5651-WYIPH",0,0.289452725399305
"3498-LZGQZ",0,0.0294827958216645
"8785-CJSHH",0,0.475150044848616
"0680-DFNNY",1,0.708429347239843
"8752-GHJFU",0,0.125033333333333
"6896-SRVYQ",0,0.32087477481217
"6439-LAJXL",0,0.184895303310978
"1571-SAVHK",1,0.741406862608503
"6890-PFRQX",0,0.115761708389399
"7079-QRCBC",1,0.671633192273045
"9495-SKLKD",0,0.311082333790452
"2667-WYLWJ",1,0.0197738376999431
"1728-CXQBE",0,0.253891725911938
"0481-SUMCB",0,0.192249492538871
"8819-WFGGJ",0,0.0281666666666667
"2811-POVEX",0,0.387433082983859
"1921-KYSAY",0,0.0987
"6198-RTPMF",0,0.462515152652213
"5766-XQXMQ",1,0.0754387667887668
"1656-DRSMG",0,0.231647186062594
"0640-YJTPY",0,0.00699264905478817
"3703-VAVCL",1,0.589323196248196
"4881-GQJTW",0,0.0879349525519067
"2429-AYKKO",0,0.00271422738088931
"9798-OPFEM",0,0.00405799836495615
"5522-NYKPB",0,0.286167711914398
"2245-ADZFJ",0,0.101458297258297
"9313-QOLTZ",0,0.0191225439435137
"0637-YLETY",1,0.544188992317776
"8259-NFJTV",0,0.39679809589525
"3292-PBZEJ",0,0.782407604016328
"7675-OZCZG",1,0.450180357373144
"5312-TSZVC",0,0.0178273447263479
"0993-OSGPT",0,0.0920121212121212
"9254-RBFON",1,0.252867971399086
"1205-WNWPJ",1,0.254709462078562
"7108-DGVUU",0,0.144224242424242
"9906-NHHVC",0,0.183229150579151
"3766-EJLFL",0,0.21653515681233
"5327-CNLUQ",0,0.075880264833206
"6265-SXWBU",0,0.185251444257169
"2387-KDZQY",0,0.0104516233842095
"4939-KYYPY",0,0.0811407066052227
"9504-DSHWM",0,0.150562447089947
"5035-BVCXS",0,0.496286478461751
"2439-LYPMQ",0,0.737085560535983
"4248-QPAVC",1,0.450601688397158
"1371-OJCEK",0,0.0214804989856438
"4999-IEZLT",0,0.0274969696969697
"4690-LLKUA",1,0.392020402141792
"5980-BDHPY",0,0.000412994864360513
"1498-DQNRX",0,0.0422837576845419
"7963-GQRMY",1,0.265298986216721
"3761-FLYZI",0,0.409605973423883
"4829-AUOAX",1,0.241381060515162
"8388-DMKAE",0,0.0196075319680485
"4403-BWPAY",0,0.0634651867549319
"1442-OKRJE",0,0.115398762769378
"2808-CHTDM",0,0.00628689528024557
"4836-WNFNO",0,0.00134651109768784
"4735-BJKOU",0,0.00119102454565104
"1696-MZVAU",0,0.175681087333719
"6223-DHJGV",0,0.00262062010822702
"6961-MJKBO",0,0.0023747241482743
"0107-YHINA",1,0.877137115772626
"1702-CCFNJ",0,0.0650286481715974
"5515-RUGKN",0,0.323115313785387
"8345-MVDYC",0,0.0325163934426229
"3877-JRJIP",1,0.44710199477415
"1015-OWJKI",0,0.205920609124071
"8952-WCVCD",0,0.273631363636364
"9436-ZBZCT",1,0.688591872770621
"3658-QQJYD",0,0.0787504088504088
"8763-KIAFH",0,0.00410940455591267
"5605-XNWEN",0,0.00451715995643613
"5091-HFAZW",0,0.636979568900891
"7530-HDYDS",1,0.19496915652224
"7416-CKTEP",0,0.00890752146467604
"8401-EMUWF",0,0.098624906282801
"5922-ABDVO",1,0.227272779245237
"2773-MADBQ",0,0.026318084263879
"6910-HADCM",1,0.798957988287667
"9606-PBKBQ",1,0.789491605920282
"2070-XYMFH",0,0.55147676955587
"4911-BANWH",1,0.44715887620274
"8496-EJAUI",1,0.448465155184448
"7321-KKSDU",0,0.0043911139961958
"8058-DMYRU",0,0.423771831024859
"6990-YNRIO",1,0.117303951026012
"9575-IWCAZ",0,0.0335205424922209
"7940-UQQUG",0,0.167852390036353
"3566-HJGPK",0,0.731044592567972
"0973-KYVNF",0,0.0158549019607843
"3946-JEWRQ",0,0.188254635772318
"7873-CVMAW",0,0.00616781609195402
"0463-WZZKO",0,0.128990264579825
"6474-FVJLC",1,0.907340647654117
"6695-FRVEC",0,0.0163407407407407
"6770-XUAGN",1,0.449406955462339
"9281-PKKZE",0,0.268393524938895
"3638-VBZTA",0,0.0327188573634434
"3318-NMQXL",0,0.754775359421538
"2361-FJWNO",0,0.0466695970695971
"3946-MHCZW",1,0.646684494961748
"6651-AZVTJ",1,0.525300577288634
"2018-QKYGT",0,0.857740508150135
"2239-CGBUZ",0,0.0428286717752235
"8466-PZBLH",0,0.103588703280744
"0564-MUUQK",0,0.333758998577912
"5834-ASPWA",1,0.843814082879813
"3737-XBQDD",0,0.380370729210586
"2430-RRYUW",0,0.0492411736411736
"3948-XHGNA",1,0.233856779338877
"3723-BFBGR",0,0.226673455949781
"5692-ICXLW",0,0.580572379912619
"2208-MPXIO",0,0.00234277358836746
"7710-JSYOA",0,0.0744607680332122
"8022-BECSI",0,0.00165367769809254
"3858-VOBET",1,0.52283300023507
"1492-QGCLU",0,0.253366666666667
"7328-OWMOM",0,0.00726360918418256
"1087-GRUYI",0,0.00463235900340791
"7694-VLBWQ",1,0.23185439975917
"0181-RITDD",0,0.063741440007619
"4795-KTRTH",1,0.751852683847728
"8272-ONJLV",0,0.271416334741892
"0308-GIQJT",0,0.308428281694411
"5349-AZPEW",0,0.286240790504488
"8100-HZZLJ",0,0.146872936242501
"7519-JTWQH",0,0.158621881307499
"0744-BIKKF",0,0.00043448275862069
"3061-BCKYI",0,0.0578756100987391
"7746-QYVCO",0,0.094361507936508
"2955-BJZHG",1,0.486741733055265
"6784-XYJAE",0,0.0738583333333333
"5555-RNPGT",0,0.207293248045909
"2190-BCXEC",0,0.296021121174798
"7206-PQBBZ",0,0.635734513626631
"5793-YOLJN",0,0.00521706031739788
"7802-EFKNY",1,0.318387865580993
"8051-HJRLT",1,0.681666757240208
"3023-GFLBR",1,0.249212472900332
"2014-MKGMH",0,0.241914046135811
"2560-WBWXF",0,0.00220942627052626
"7978-DKUQH",0,0.392992648488361
"2737-YNGYW",1,0.795162341189139
"5159-YFPKQ",1,0.723676527743398
"6418-PIQSP",0,0.0188223047726722
"1895-QTKDO",0,0.342862210515127
"2626-VEEWG",0,0.00481444162779577
"2878-RMWXY",0,0.0839910192754734
"1136-XGEQU",0,0.0465
"2530-FMFXO",0,0.227167391839275
"5931-FLJJF",1,0.560186032243089
"0380-NEAVX",0,0.281871637958543
"4285-GYRQC",1,0.674282535532455
"4365-MSDYN",0,0.182371290611022
"5197-YPYBZ",0,0.0169706487975515
"8619-IJNDK",0,0.0265222222222222
"8378-LKJAF",0,0.56601914933899
"1153-GNOLC",0,0.194751372888535
"3496-LFSZU",0,0.644478678139024
"6479-SZPLM",0,0.000892258816856331
"8097-VBQTZ",0,0.0929862155388472
"9917-KWRBE",0,0.0453983935742972
"1013-QCWAM",0,0.56785195751244
"0362-RAOQO",0,0.00136196106873167
"0829-DDVLK",0,0.0282626684583347
"9537-VHDTA",0,0.433292626795704
"3126-WQMGH",0,0.254927607042909
"9239-GZHZE",0,0.00674221666410416
"4140-MUHUG",1,0.668257880881736
"0093-EXYQL",0,0.471357861443946
"0320-JDNQG",1,0.306141553676669
"3571-RFHAR",1,0.213852381539868
"6140-QNRQQ",1,0.755855038133763
"2672-DZUOY",1,0.699124498675604
"7377-DMMRI",1,0.616538638004509
"8197-BFWVU",0,0.0607105797519741
"2266-SJNAT",0,0.239451320953338
"5499-ECUTN",0,0.0313714285714286
"4277-BWBML",0,0.00538696550959985
"4094-NSEDU",1,0.494966192618944
"2637-FKFSY",0,0.525871015579883
"3981-QSVQI",0,0.118927956890705
"9424-CMPOG",0,0.00315550935804845
"4373-VVHQL",0,0.535582826143242
"6993-YGFJV",0,0.101315194404472
"5136-KCKGI",1,0.24024382372333
"3722-WPXTK",1,0.753244836359682
"7389-KBFIT",0,0.488428645656744
"1089-HDMKP",0,0.197007495040261
"7623-HKYRK",0,0.0622758146030693
"2929-ERCFZ",1,0.459718052787155
"1623-NLDOT",1,0.048324025974026
"7021-XSNYE",0,0.0917333333333334
"1133-KXCGE",0,0.0204532286483498
"1049-FYSYG",0,0.464502476091416
"8406-LNMHF",0,0.0628222222222222
"9481-SFCQY",0,0.254829344164375
"0567-GGCAC",0,0.253818636391276
"2205-YMZZJ",1,0.674796884716726
"5908-QMGOE",1,0.606879859331605
"1197-BVMVG",0,0.791999281974313
"1740-CSDJP",1,0.664475737088733
"7717-BICXI",0,0.000782408929830229
"6559-RAKOZ",0,0.358128886528367
"9135-MGVPY",0,0
"1088-AUUZZ",0,0.0295474287920148
"9588-OZDMQ",0,0.505408917743415
"9921-ZVRHG",1,0.647421127766209
"4701-MLJPN",1,0.130561420444229
"1032-MAELW",0,0.146155361660108
"6061-GWWAV",0,0.0613072829131652
"9067-YGSCA",0,0.0383457377386131
"3707-GNWHM",1,0.76335527136169
"8869-LIHMK",0,0.113864958619207
"8245-UMPYT",1,0.688320692515056
"5788-YPOEG",0,0.0457163934426229
"8931-GJJIQ",1,0.726908791639216
"9825-YCXWZ",0,0.180325996698567
"8565-HBFNN",0,0.120879059223487
"7175-NTIXE",0,0.130217947583428
"5843-TTHGI",0,0.392255193395354
"1849-RJYIG",0,0.311470488366837
"5130-IEKQT",1,0.564889562355427
"3230-WYKIR",1,0.0807614718614718
"7996-BPXHY",0,0.0179560294523777
"0407-BDJKB",1,0.367842335736215
"5186-PEIZU",0,0.0900447469052794
"7748-UMTRK",0,0.591607836994708
"7145-FEJWU",0,0.684778588105992
"3969-JQABI",0,0.126993371128356
"1051-EQPZR",0,0.0791693206946203
"8384-FZBJK",0,0.396838923619682
"5837-LXSDN",0,0.215416312468085
"7730-CLDSV",0,0.0719482384823848
"0164-APGRB",0,0.0178756700695182
"5539-TMZLF",1,0.91855389923928
"5315-CKEQK",0,0.189609879787511
"0880-FVFWF",0,0.174510542123855
"6861-XWTWQ",1,0.904925578622168
"4837-QUSFT",0,0.10424995404454
"6877-TJMBR",1,0.655842352818985
"0907-HQNTS",0,0.0269575282393299
"7665-NKLAV",0,0.0252326984126984
"8250-ZNGGW",0,0.4870464086638
"7473-ZBDSN",0,0.0246338995379449
"8454-AATJP",0,0.058022250729224
"4659-NZRUF",1,0.510184392791265
"4531-AUZNK",0,0.200605154130497
"7026-YMSBE",0,0.00414376687050918
"7341-LXCAF",1,0.812408037708381
"6997-UVGOX",0,0.00132019704433498
"9462-MJUAW",1,0.396497970106016
"7629-WIXZF",0,0.216666737369349
"3976-HXHCE",0,0.036506101396177
"4231-LZUYM",0,0.00323477839945879
"7938-OUHIO",1,0.57853608278052
"0431-APWVY",1,0.249580696562847
"6838-YAUVY",0,0.199981540166733
"0244-LGNFY",0,0.112746010341957
"7274-CGTOD",0,0.0157072463768116
"4636-TVXVG",0,0.0135801815450954
"4236-UJPWO",0,0.557010466341708
"1143-NMNQJ",1,0.896638273272411
"9506-UXUSK",0,0.648161967555538
"1229-RCALF",0,0.0765085109690187
"3572-UOLYZ",0,0.355788055303398
"6100-QQHEB",1,0.565717356332638
"7503-QQRVF",1,0.649391856747312
"4860-YZGZM",0,0.102474550159137
"4404-HIBDJ",1,0.0451333333333333
"9163-GHAYE",0,0.0678043244604351
"6023-YEBUP",1,0.881201554771943
"7209-JCUDS",1,0.629483412267073
"0519-DRGTI",0,0.0439755218476571
"4831-EOBFE",1,0.32111676051456
"8857-CUPFQ",0,0.0640639455403638
"7610-TVOPG",0,0.22711457565391
"2454-RPBRZ",1,0.809643633075107
"0635-WKOLD",0,0.0652
"5993-JSUWV",0,0.0044
"7299-GNVPL",0,0.133014543898527
"2265-CYWIV",1,0.656705711266882
"7517-LDMPS",0,0.516836636783231
"8148-NLEGT",0,0.0014741300431274
"8347-GDTMP",0,0.00427277269831718
"0310-MVLET",1,0.344966564178357
"2187-PKZAY",0,0.590438782953203
"5248-RPYWW",0,0.0447986829554626
"3170-GWYKC",0,0.215980943179945
"7409-KIUTL",1,0.756678032586814
"7854-EDSSA",1,0.14787180215
"8869-TORSS",1,0.0230833333333333
"9522-ZSINC",0,0.00718446354969658
"6505-OZNPG",0,0.11021228716243
"0679-IDSTG",1,0.935286845762127
"2115-BFTIW",1,0.149286664013901
"0611-DFXKO",1,0.436823161993709
"7780-OTDSO",1,0.609620213282081
"9619-GSATL",0,0.0997001990176412
"5622-UEJFI",0,0.00559933510903461
"0674-DGMAQ",0,0.703902366772333
"0484-FFVBJ",0,0.0929583483428787
"2181-TIDSV",0,0.00185400485750161
"1936-CZAKF",0,0.17992238985692
"2931-XIQBR",0,0.20189532341492
"1930-QPBVZ",0,0.0760984521575985
"5294-IMHHT",0,0.203467815605384
"3404-JNXAX",0,0.434218286971653
"2845-AFFTX",1,0.555491213219367
"7587-AOVVU",0,0.336321328320415
"6898-MDLZW",0,0.194241714212189
"4707-YNOQA",0,0.00894954751388157
"0258-NOKBL",0,0.349503918259262
"9443-JUBUO",0,0.008
"3043-TYBNO",0,0.256021272158352
"8996-ZROXE",0,0.129433333333333
"5598-IKHQQ",0,0.00630666462679185
"6765-MBQNU",0,0.0499937140579478
"1891-FZYSA",1,0.31716059128197
"1038-RQOST",0,0.0391584409578323
"8084-OIVBS",0,0.00612290737652522
"2160-GPFXD",0,0.0205926887926888
"1498-NHTLT",0,0.0113579884290165
"8735-NBLWT",0,0.0620005451157002
"1322-AGOQM",1,0.154597991448311
"5692-FPTAH",1,0.745085367006496
"1550-LOAHA",1,0.211215889336971
"1728-BQDMA",0,0.486242982161854
"0876-WDUUZ",1,0.585970836471148
"5151-HQRDG",0,0.145283996633997
"0960-HUWBM",0,0.067974123411796
"8070-AAWZP",0,0.200803174603175
"5652-MSDEY",0,0.660732216414688
"1784-BXEFA",0,0.0469167380425035
"7351-MHQVU",0,0.421958679726071
"9224-VTYID",0,0.0202796615310272
"4504-YOULA",0,0.173272308519367
"5569-IDSEY",0,0.130451035419503
"5277-ZLOOR",1,0.825337143063229
"5052-PNLOS",1,0.77332741191034
"1898-JSNDC",0,0.0888482210312734
"2410-CIYFZ",0,0.0720359270375017
"5505-OVWQW",0,0.0110355896571363
"7271-AJDTL",0,0.307994054958477
"8395-ETZKQ",0,0.0171492975994751
"3889-VWBID",0,0.0461761904761905
"9754-CLVZW",0,0.252031385281385
"4567-AKPIA",0,0.22476488446145
"1142-WACZW",1,0.221479157931026
"3629-WEAAM",0,0.225422236983001
"6029-CSMJE",0,0.278982475931947
"7993-NQLJE",0,0.412899303667952
"6429-SHBCB",0,0.179473459434729
"1834-WULEG",0,0.00109511337130375
"9766-HGEDE",0,0.00838976272317681
"5044-XDPYX",0,0.00858220546549086
"6734-CKRSM",0,0.147872958877686
"3457-PQBYH",0,0.000966580414281706
"7636-OWBPG",0,0.360700609982072
"4393-OBCRR",0,0.0274304025335959
"8564-LDKFL",0,0.262148656210107
"0895-DQHEW",1,0.499345790905483
"3810-DVDQQ",0,0.0578665293720933
"8149-RSOUN",1,0.939134159167757
"4359-INNWN",0,0.00830679431771233
"3896-ZVNET",0,0.00966709898003625
"8205-VSLRB",0,0.0411278835056912
"4931-TRZWN",0,0.375504965659164
"3567-PQTSO",0,0.196177868461215
"0461-CVKMU",1,0.18646343680308
"9710-ZUSHQ",1,0.422295416854194
"1536-YHDOE",0,0.140129918229918
"8123-QBNAZ",0,0.528825949891489
"3629-ZNKXA",0,0.641160141169551
"7711-YIJWC",0,0.0731948521400181
"2378-YIZKA",0,0.00106034678392012
"4323-ELYYB",0,0.018613594227142
"2229-VWQJH",0,0.239917152458074
"9194-GFVOI",0,0.0884282665412757
"1336-EZFZY",0,0.158817583366025
"7774-OJSXI",1,0.266144529806592
"9643-AVVWI",0,0.648741591362281
"9659-ZTWSM",0,0.211029951968672
"6685-GBWJZ",0,0.0304333333333333
"5016-ETTFF",1,0.351670315871136
"8058-JMEQO",1,0.872037364024195
"5366-OBVMR",0,0.267687777102527
"7593-XFKDI",1,0.572664223701861
"1513-XNPPH",1,0.33988225429944
"0384-LPITE",0,0.0978265446224256
"1335-HQMKX",0,0.168610075795064
"2545-EBUPK",0,0.914875526217527
"7663-RGWBC",1,0.40398964794687
"8871-JLMHM",0,0.03685
"5447-VYTKW",0,0.0387428571428571
"2883-ILGWO",0,0.29368225319592
"2516-VQRRV",1,0.747362135232614
"5766-FTRTS",0,0.000701149425287356
"8879-ZKJOF",0,0.0978127853881279
"6285-FTQBF",0,0.000829309817208124
"7234-KMNRQ",0,0.0899342744587466
"5950-AAAGJ",0,0.327883658801963
"1167-OYZJF",0,0.00312935543897784
"4806-DXQCE",0,0.0792011265015328
"1625-JAIIY",1,0.16838535661126
"0603-OLQDC",0,0.282046307702028
"6719-FGEDO",0,0.00463027927486526
"4112-LUEIZ",1,0.619472462693298
"4450-DLLMH",0,0.807426971701795
"7047-FWEYA",0,0.350916488364764
"2000-MPKCA",0,0.38505044158603
"6609-MXJHJ",0,0.00678039547089325
"1293-HHSHJ",0,0.0125131061415161
"3756-VNWDH",0,0.156096043307605
"4465-VDKIQ",0,0.309862972407906
"0975-UYDTX",0,0.0628442197773152
"8295-KMENE",0,0.0196127853881279
"3678-MNGZX",0,0.00129637727430573
"4063-EIKNQ",0,0.145456956834509
"0748-RDGGM",1,0.163962696733591
"4706-AXVKM",1,0.798590080989886
"9474-PHLYD",1,0.317163984198036
"4318-RAJVY",0,0.0114447028720017
"1530-ZTDOZ",0,0.167497058823529
"7594-RQHXR",1,0.894274513295542
"1077-HUUJM",0,0.580878873211551
"1624-NALOJ",1,0.770803659251831
"6741-EGCBI",0,0.319472698226989
"4317-VTEOA",1,0.498627624800615
"1670-SVOWZ",1,0.449104621863817
"2227-JRSJX",0,0.411663949674212
"8980-WQFWL",0,0.215217179765473
"4634-JLRJT",0,0.502015387329784
"7541-YLXCL",1,0.0926381504340408
"0260-ZDLGK",1,0.220970917643252
"9552-TGUZV",0,0.62673705906623
"5913-INRQV",0,0.1571
"8722-NGNBH",1,0.263649084321476
"9026-LHEVG",0,0.23843369947577
"2260-USTRB",1,0.777447025714089
"1552-CZCLL",0,0.0409920776101705
"8148-BPLZQ",0,0.091461045095725
"5693-PIPCS",0,0.115031475756548
"3209-ZPKFI",0,0.159995288346754
"2933-FILNV",1,0.567937681361343
"0396-UKGAI",0,0.127896180225069
"7527-QNRUS",0,0.0562378265013757
"5296-PSYVW",0,0.00141870422592505
"0512-FLFDW",0,0.259655381839337
"2107-FBPTK",0,0.662673772944993
"9451-WLYRI",0,0.050254089084547
"1016-DJTSV",0,0.571037588292679
"9419-IPPBE",0,0.195356424503829
"6410-LEFEN",1,0.310494789233472
"6257-RJOHI",0,0.332179038575645
"6473-ULUHT",0,0.273102222222222
"7688-AWMDX",0,0.0585141215106732
"7244-QWYHG",0,0.0302
"9488-HGMJH",1,0.610363265569131
"7159-FVYPK",0,0.431372643249978
"4227-OJHAL",0,0.0680856951615988
"9537-JALFH",0,0.00129637727430573
"6961-VCPMC",1,0.491383611827253
"6688-UZPWD",1,0.814233227602285
"0655-YDGFJ",0,0.106128939562853
"8468-EHYJA",0,0.320285535495224
"8328-SKJNO",0,0.0539282106782107
"5201-CBWYG",0,0.00914127183590463
"7134-HBPBS",0,0.0859905357246101
"5789-LDFXO",0,0.0736185376204384
"8617-ENBDS",0,0.715583518232825
"5960-WPXQM",1,0.922494011767338
"1866-RZZQS",1,0.617081235596222
"1469-LBJQJ",0,0.566543783454704
"0310-VQXAM",0,0.202298628566858
"3453-RTHJQ",0,0.648262619709216
"7868-BGSZA",0,0.164758690594882
"2800-QQUSO",0,0.574805550486162
"2930-UOTMB",1,0.0959458333333333
"7973-DZRKH",0,0.0492050930804356
"9773-PEQBZ",0,0.512612231088272
"8573-JGCZW",0,0.0225916081748746
"6701-YVNQG",0,0.000412994864360513
"9481-IEBZY",0,0.241427703838629
"6137-NICCO",0,0.700124981495081
"6402-EJMWF",0,0.403359827423172
"6872-HXFNF",0,0.0319
"7714-YXSMB",0,0.529156537861284
"8387-UGUSU",0,0.102929914489541
"1080-BWSYE",0,0.0069116838926939
"3594-UVONA",1,0.116166666666667
"8805-JNRAZ",0,0.360593959673924
"5089-IFSDP",1,0.280816444679428
"6418-HNFED",0,0.0185026315789474
"7691-KGKGP",0,0.122929998711814
"1357-BIJKI",0,0.344614337722884
"2018-PZKMU",0,0.505238881072208
"2403-BCASL",1,0.32291958451157
"2223-GDSHL",0,0.0105108557210283
"9470-RTWDV",0,0.0884686147186147
"2176-OSJUV",0,0.0282740740740741
"4521-YEEHE",0,0.650174664658975
"4090-KPJIP",0,0.867414295966924
"4503-BDXBD",1,0.310965118977137
"7995-ZHHNZ",0,0.0364891534391534
"4979-HPRFL",0,0.0210620739026862
"8008-OTEZX",0,0.00272574342794851
"5999-LCXAO",0,0.617245554652861
"5759-RCVCB",1,0.284328463241611
"6372-RFVNS",1,0.931783121885428
"8261-GWDBQ",0,0.0901144316016681
"0991-BRRFB",1,0.25146169908893
"3882-IYOIJ",0,0.0549291805219116
"6339-TBELP",0,0.0516010637764062
"0701-TJSEF",0,0.12524056401249
"6629-LADHQ",0,0.365394251643059
"1559-DTODC",0,0.217155678492127
"4355-CVPVS",0,0.141774603174603
"4495-LHSSK",0,0.191497808425386
"4587-VVTOX",1,0.749029104369015
"7421-ZLUPA",0,0.434480034277315
"3692-JHONH",0,0.356535725037949
"2920-RNCEZ",0,0.885325565796237
"3441-CGZJH",0,0.0730455411255411
"7634-WSWDB",0,0.436580297216103
"0420-HLGXF",0,0.526133870419743
"5803-NQJZO",0,0.0103454545454545
"0743-HRVFF",0,0.0756814814814815
"4006-HKYHO",0,0.00942227414330218
"6689-KXGBO",1,0.546086629511997
"9667-TKTVZ",0,0.450309557719154
"3657-COGMW",0,0.186368728009503
"7754-IXRMC",0,0.458981800786515
"6615-NGGZJ",1,0.593479512549283
"4256-ZWTZI",0,0.503852724808492
"8309-PPCED",0,0.0401853116457
"5196-WPYOW",0,0.0141982251521298
"4054-CUMIA",0,0.110056464126755
"8161-QYMTT",0,0.883075873723907
"8152-VETUR",0,0.154066044319991
"0757-WCUUZ",0,0.0427666666666667
"4872-VXRIL",0,0.043387037037037
"6537-QLGEX",0,0.59540513458049
"0916-QOFDP",0,0.631866004643664
"0628-CNQRM",1,0.0479074074074074
"6199-IPCAO",0,0.021779615586759
"7665-TOALD",1,0.956501567577197
"5640-CAXOA",0,0.0901818181818182
"2235-EZAIK",0,0.014
"9974-JFBHQ",0,0.241751628128026
"9780-FKVVF",0,0.224991487129546
"5214-NLTIT",0,0.0906954026365791
"6627-CFOSN",0,0.211229637093195
"2466-FCCPT",0,0.101623920359542
"6016-NXBNJ",0,0.00989280233809595
"8910-LEDAG",0,0.306639714084734
"4822-YCXMX",1,0.494082290103144
"8474-UMLNT",0,0.15581178878445
"3836-FZSDJ",0,0.00310537066391838
"9142-XMYJH",0,0.0593392782738331
"4229-CZMLL",1,0.610788643012403
"6904-JLBGY",0,0.0456378803264326
"5120-ZBLAI",0,0.0756690476190476
"1194-BHJYC",0,0.0253
"3285-UCQVC",1,0.136583066933067
"3470-BTGQO",0,0.113954273302777
"8224-DWCKX",0,0.527817339354265
"6917-IAYHD",0,0.444222705650756
"2357-COQEK",1,0.5790393924756
"1166-PQLGG",0,0.00381612328601992
"3146-JTQHR",0,0.044338790530028
"8706-HRADD",0,0.360897653958944
"7602-DBTOU",0,0.00145940843774426
"5108-ADXWO",1,0.449529001803909
"4664-NJCMS",0,0.021931631537861
"1567-DSCIC",1,0.700726233604385
"6124-ACRHJ",0,0.337347999943754
"9362-MWODR",0,0.183742936507936
"6867-ACCZI",0,0.0501097509305456
"9054-FOWNV",0,0.49254124655131
"2683-BPJSO",1,0.296580777725499
"2157-MXBJS",1,0.302921241830065
"1227-UDMZR",0,0.000527280578646227
"1131-ALZWV",0,0.100722027572223
"2582-FFFZR",0,0.480869962193331
"6288-LBEAR",0,0.361633483334564
"4597-NUCQV",1,0.716731743698774
"9019-QVLZD",1,0.947814904964784
"0958-YHXGP",0,0.560750816692115
"2674-MLXMN",0,0.548528625292298
"6996-KNSML",1,0.859218042033474
"0096-BXERS",0,0.320034689940646
"7998-ZLXWN",0,0.125422411500771
"7481-ATQQS",1,0.250081028225099
"3525-DVKFN",0,0.00946216504107054
"1307-ATKGB",0,0.358740197661881
"5227-JSCFE",0,0.0365523809523809
"0848-ZGQIJ",0,0.523585446939848
"0515-YPMCW",1,0.733621683031885
"0378-XSZPU",1,0.00807777777777778
"1045-LTCYT",0,0.18405532469667
"1544-JJMYL",0,0.0150333333333333
"3059-NGMXB",0,0.184293284466729
"3891-NLXJB",0,0.0414920634920635
"0137-UDEUO",1,0.180404696120097
"2001-EWBQU",0,0.135267874705359
"4925-LMHOK",1,0.18688139759969
"2037-SGXHH",1,0.228232990773154
"0082-OQIQY",0,0.450856062922025
"4603-JANFB",1,0.902253619785554
"6178-KFNHS",1,0.420244221427164
"1264-BYWMS",1,0.536450657964997
"2012-NWRPA",1,0.919986064833391
"9518-XXBXE",0,0.436971810624382
"3934-HXCFZ",1,0.629789359698682
"4860-IJUDE",0,0.38151426950519
"7666-WKRON",1,0.172510641138615
"0423-UDIJQ",0,0.358902128427128
"1945-XISKS",0,0.00798795390405255
"2607-FBDFF",0,0.408451295180938
"3428-XZMAZ",1,0.941489704462686
"7216-KAOID",0,0.00362562648139687
"5339-TJFEK",0,0.216251795706782
"0599-XNYDO",0,0.516560876227361
"6855-VLGOS",0,0.00127425191302742
"6122-LJADA",0,0.00138551963422911
"2400-XIWIO",0,0.00428890314605025
"1069-XAIEM",1,0.948452324099104
"4658-HCOHW",1,0.425674462464139
"1741-WTPON",0,0.102032282418881
"3594-KADLU",0,0.404942677448338
"1734-ZMNTZ",0,0.0143462581940283
"6723-CEGQI",0,0.0712186147186147
"4290-BSXUX",1,0.679484007108997
"8513-OLYGY",0,0.0536712714776124
"0311-QYWSS",0,0.478129006187111
"8705-DWKTI",0,0.24230217477951
"4480-QQRHC",0,0.578640221425919
"1202-KKGFU",0,0.293248980551149
"7817-BOQPW",1,0.817610370696603
"5219-YIPTK",1,0.504264639584425
"9717-QEBGU",0,0.592490961061154
"3178-CIFOT",0,0.00222386348593552
"4018-KJYUY",0,0.0275883679143595
"8701-DGLVH",0,0.00364664604177788
"0980-FEXWF",0,0.0526460317460317
"3011-WQKSZ",0,0.184127728287776
"9965-YOKZB",1,0.84412886446363
"6305-YLBMM",1,0.3060932412537
"9128-CPXKI",0,0.255003384753669
"0961-ZWLVI",0,0.277749084440202
"5073-RZGBK",0,0.0624211181136602
"7813-ZGGAW",0,0.305015620716275
"9298-WGMRW",0,0.00650367335556085
"2778-OCLGR",1,0.459320634920635
"6139-ZZRBQ",0,0.00517722050185553
"8884-FEEWR",0,0.00442269157386551
"1682-VCOIO",0,0.00161395420611877
"8740-CRYFY",1,0.922494011767338
"3569-VLDHH",0,0.0488
"8224-KDLKN",0,0.0010639735226633
"8727-XDPUD",0,0.0800885903231207
"1043-UXOVO",0,0.0165341353552599
"1064-FBXNK",0,0.264969578955537
"7762-ONLJY",0,0.0213929468588261
"1678-FYZOW",1,0.737400441744895
"7501-VTYLJ",0,0.499276246775208
"1622-HSHSF",0,0.364373285968843
"5216-WASFJ",0,0.783691076001064
"7067-KSAZT",1,0.206174971314815
"4182-BGSIQ",0,0.151266904757636
"7814-LEEVE",0,0.446276759977516
"5174-RNGBH",1,0.1437831596998
"8348-JLBUG",0,0.0791777777777778
"0607-DAAHE",1,0.00310592476010893
"2664-XJZNO",0,0.0652801094632825
"3339-EAQNV",0,0.178911832795154
"0536-ESJEP",0,0.06725
"6478-HRRCZ",0,0.0309666666666667
"2360-RDGRO",0,0.34132388718306
"3070-DVEYC",1,0.575095655217241
"5177-RVZNU",0,0.0214189179864954
"0056-EPFBG",0,0.0648515151515151
"8190-ZTQFB",0,0.192348727298727
"7515-LODFU",0,0.00376319541124407
"6941-KXRRV",0,0.200311068096089
"2568-OIADY",1,0.437092511479802
"1193-RTSLK",1,0.166538198335359
"4973-RLZVI",0,0.0399333333333333
"4393-RYCRE",0,0.318770531090264
"3162-ZJZFU",0,0.217221695223708
"8404-GFGCZ",0,0.404995462960581
"3521-MNKLV",0,0.242023058427026
"1565-RHDJD",1,0.754707643532668
"7161-DFHUF",0,0.00108183473651704
"3720-DBRWL",0,0.0121026315789474
"6635-MYYYZ",1,0.0628210526315789
"8565-WUXZU",0,0.0432511299435028
"7839-NUIAA",0,0.122641178966032
"5378-IKEEG",1,0.839641684803071
"5966-EMAZU",0,0.151406736859121
"2055-BFOCC",0,0.0888556074766355
"4973-MGTON",0,1.63934426229508e-05
"5117-IFGPS",0,0.729343913860312
"9725-SCPZG",1,0.673461444088205
"5884-GCYMI",1,0.854499870954316
"7853-GVUDZ",1,0.390841569181327
"9239-ZBZZV",1,0.663319849892292
"4398-HSCJH",1,0.15119298245614
"2303-PJYHN",0,0.234120146249602
"1237-WIYYZ",0,0.109337352661483
"4430-UZIPO",1,0.351084439000528
"1439-LCGVL",0,0.00293567783067959
"7740-KKCXF",0,0.215250056922415
"5360-XGYAZ",0,0.002
"9692-TUSXH",1,0.523711354669732
"7912-SYRQT",1,0.413977579857935
"5600-PDUJF",0,0.369046060523245
"7407-SUJIZ",0,0.0193655589827454
"9150-KPBJQ",0,0.0350535840832685
"0052-DCKON",0,0.234903527982578
"9699-UBQFS",0,0.376666081171765
"3528-HFRIQ",0,0.322743477892889
"2073-QBVBI",0,0.0473452380952381
"6928-ONTRW",0,0.000759010901926133
"6617-WLBQC",0,0.122211111111111
"2599-CIPQE",0,0.0412863270413061
"6101-IMRMM",1,0.58510405596461
"1360-JYXKQ",0,0.215761497290971
"7762-URZQH",1,0.0906983873740023
"0899-WZRSD",0,0.2350373989971
"5673-TIYIB",1,0.499126046176046
"6551-ZCOTS",0,0.056478422617578
"5018-LXQQG",0,0.0782150793650793
"1746-TGTWV",0,0.745292485924815
"5995-SNNEW",0,0.733211093682044
"8779-YIQQA",0,0.00654832001644931
"3705-PSNGL",1,0.00307474939665483
"8739-QOTTN",0,0.144572877635178
"0363-SVHYR",0,8.53302162478083e-05
"6591-QGOYB",0,0.446134223817118
"6421-SZVEM",0,0.19036925128298
"1328-EUZHC",0,0.00583474920686931
"6374-AFWOX",0,0.0502010101010101
"5317-FLPJF",0,0.00327829820452771
"8020-BWHYL",1,0.544454353531671
"4188-FRABG",0,0.456391810579818
"8016-NCFVO",0,0.310718592422689
"5549-ZGHFB",0,0.00322623763572481
"6408-OTUBZ",0,0.0729627021202191
"3970-XGJDU",0,0.0166356524000548
"5562-YJQGT",0,0.237496722840191
"8092-NLTGF",0,0.0204246594194182
"5928-QLDHB",0,0.386541163769838
"7105-BENQF",0,0.0776196078431373
"7721-DVEKZ",0,0.375688533031126
"9507-HSMMZ",0,0.00947463499356931
"9048-JVYVF",1,0.252610262373375
"0361-HJRDX",0,0.0123023583549037
"1902-XBTFB",1,0.421752175950934
"0786-IVLAW",0,0.258005557580842
"0643-OKLRP",1,0.379848187347568
"7349-ALMUX",0,0.0331454545454546
"2794-XIMMO",1,0.0591925925925926
"3034-ZBEQN",1,0.0730152882205514
"6854-EXGSF",0,0.219243886743887
"5376-PCKNB",0,0.198528032525715
"8044-BGWPI",0,0.108859524328559
"3589-PPVKW",0,0.427995834616495
"8327-LZKAS",1,0.328844692350776
"3858-XHYJO",0,0.221216538524996
"4299-SIMNS",0,0.356119057382855
"6261-LHRTG",0,0.154482690226104
"2056-EVGZL",0,0.144174359768095
"8777-MBMTS",0,0.1258361867601
"5366-IJEQJ",1,0.535596286889625
"6029-WTIPC",1,0.662367846240064
"4560-WQAQW",0,0.0411907407407407
"5424-RLQLC",0,0.106974395345024
"6682-QJDGB",1,0.0705023013218665
"6507-DTJZV",0,0.337997972203236
"7673-BQGKU",0,0.00771684805986092
"0345-HKJVM",1,0.630005211163036
"6574-MCOEH",0,0.164522751322751
"2242-MFOTG",0,0.0969699145299145
"9700-ISPUP",0,0.180047876624746
"9027-TMATR",0,0.0329491788307508
"9110-HSGTV",0,0.00820621487881489
"1470-PSXNM",0,0.16003597786082
"1213-NGCUN",1,0.578287053021909
"2498-XLDZR",0,0.046416393442623
"5338-YHWYT",0,0.060324126320678
"0334-ZFJSR",0,0.0427844729344729
"3143-JQEGI",1,0.532899908401164
"0771-CHWSK",0,0.0421214804925085
"5649-VUKMC",1,0.342770803606361
"4724-WXVWF",0,0.256301127465902
"1460-UZPRJ",0,0.00667775540575224
"0485-ZBSLN",0,0.0131232814484138
"3810-PJUHR",0,0.000841744656075783
"9050-QLROH",1,0.3666016551582
"9860-LISIZ",0,0.033983592931587
"9229-RQABD",0,0.0407484488655524
"0843-WTBXE",1,0.196184814621594
"6143-JQKEA",0,0.580322872307544
"8124-NZVGJ",0,0.322846259479401
"3936-QQFLL",0,0.107281842191607
"5124-EOGYE",0,0.00627985009698678
"6407-GSJNL",0,0.026151897793345
"1310-QRITU",0,0.331077402544325
"8490-BXHEO",0,0.5727845293811
"7173-TETGO",0,0.0361768421052632
"9921-EZKBY",0,0.300808350485591
"7432-FFVAR",0,0.109104761904762
"7246-ZGQDF",0,0.655270559359848
"5959-BELXA",1,0.724613856541673
"4456-RHSNB",0,0.304572235223733
"1833-TCXKK",0,0.700558985727013
"1696-HXOWK",0,0.115686192754614
"3026-ATZYV",0,0.163052941176471
"2506-TNFCO",1,0.933596950274164
"8718-PTMEZ",1,0.250154333463847
"6551-VLJMV",0,0.00521693227162865
"6437-UKHMV",1,0.617169675175586
"1208-NBVFH",0,0.417899846134092
"2275-RBYQS",0,0.745085367006496
"2676-OXPPQ",0,0.285297142156568
"0196-VULGZ",1,0.795262904859683
"3755-JBMNH",1,0.527294326470171
"6345-ULYRW",1,0.158334848484848
"6693-FRIRW",0,0.452549304660811
"6923-EFPNL",1,0.41787956630699
"2043-WVTQJ",0,0.560068108238789
"3863-QSTYI",0,0.121307486650574
"5044-LRQAQ",0,0.564890694254482
"1716-LSAMB",0,0.145940576537128
"1333-PBMXB",0,0.0304811312785671
"5985-BEHZK",0,0.113649195631232
"5919-VCZYM",0,0.0688769272145726
"7964-VEXDG",0,0.317134719877037
"9611-CTWIH",1,0.693218677926228
"5088-QZLRL",0,0.374743815197117
"4397-FRLTA",0,0.146027541995974
"2225-ZRGSG",1,0.0329798624140088
"4667-OHGKG",1,0.337349709988856
"2308-STERM",0,0.136838992837959
"6284-AHOOQ",1,0.403365315096919
"2877-VDUER",0,0.0799334295334295
"1794-HBQTJ",1,0.291217269900382
"9705-ZJBCG",0,0.0766410256410256
"4818-DRBQT",1,0.293907318348308
"6847-KJLTS",0,0.48356515618175
"5286-YHCVC",0,0.145013091322253
"9115-YQHGA",0,0.101847088044603
"4462-CYWMH",0,0.351456391661301
"2458-EOMRE",0,0.187356098478025
"4423-JWZJN",0,0.0876557801353576
"5393-RXQSZ",1,0.925347287972661
"2320-TZRRH",0,0.00293851880594748
"6147-CBCRA",0,0.0609810150460116
"6047-SUHPR",0,0.0489527777777778
"9752-ZNQUT",0,0.438685393484033
"7638-QVMVY",1,0.657979732997615
"8318-LCNBW",0,0.0784
"3566-CAAYU",0,0.0616354410616706
"4983-CCWMC",0,0.429255904183656
"3948-FVVRP",0,0.22391872155977
"0983-TATYJ",0,0.0353712643678161
"0156-FVPTA",1,0.190500999739107
"3312-ZWLGF",0,0.507583053879951
"1891-UAWWU",1,0.359567110553516
"8204-TIFGJ",0,0.0450447162694954
"1089-XZWHH",0,0.00333886330950169
"9648-BCHKM",0,0.0208007694709615
"3374-LXDEV",1,0.431644940318962
"4072-IPYLT",0,0.0675481877599525
"4817-KEQSP",0,0.00375318398163256
"4817-QRJSX",1,0.730341314046925
"1116-FRYVH",0,0.0184380591630592
"1421-HCERK",0,0.419362339299772
"1183-CANVH",0,0.0558394927536232
"6252-DFGTK",0,0.0833144444444444
"1539-LNKHM",0,0.0422688923892419
"4291-TPNFG",0,0.000812994864360513
"6087-YPWHO",0,0.0182168831168831
"3873-NFTGI",0,0.170637314449309
"7048-GXDAY",0,0.461548623831983
"1555-HAPSU",0,0.000558383189696357
"8464-EETCQ",0,0.0599848867896547
"1752-OZXFY",0,0.0393353535353535
"4976-LNFVV",0,0.497141737677527
"5055-MGMGF",0,0.361311839522623
"2077-MPJQO",0,0.573604961576398
"1534-OULXE",0,0.0473666666666667
"2905-KFQUV",0,0.739298873996586
"8241-JUIQO",0,0.0272421762842682
"4512-ZUIYL",1,0.775498116494924
"9584-EXCDZ",0,0.473469830436282
"9214-EKVXR",0,0.610659656522093
"4550-EVXNY",1,0.960722163010801
"6777-TGHTM",1,0.39681530488725
"3229-USWAR",0,0.0585333333333333
"6131-JLWZM",0,0.0426751304205871
"8277-RVRSV",0,0.00915097717464854
"7054-ENNGU",0,0.116131543863979
"6625-IUTTT",0,0.0365333333333333
"9355-NPPFS",0,0.352337615091346
"6496-SLWHQ",1,0.826368374925911
"9711-FJTBX",0,0.110970010131712
"7951-QKZPL",1,0.00142914671509355
"7395-XWZOY",0,0.265254648718571
"7169-YWAMK",0,0.0561047619047619
"3640-PHQXK",1,0.566616209151354
"6877-LGWXO",1,0.479931300650806
"6859-RKMZJ",0,0.164205221380056
"2729-VNVAP",0,0.00421347403112663
"7163-OCEQI",0,0.181869937469937
"9782-LGXMC",0,0.107563492063492
"8019-ENHXU",1,0.391449128738749
"0780-XNZFN",0,0.0041865591451285
"4367-NHWMM",0,0.668955104739024
"3727-RJMEO",1,0.696384225380727
"2887-JPYLU",0,0.149140438280106
"4896-CPRPF",0,0.0078342341726597
"7537-CBQUZ",0,0.185314052479359
"0519-XUZJU",1,0.725536700080368
"6338-AVWCY",1,0.710678763271088
"9253-QXKBE",1,0.684205162653141
"0487-RPVUM",0,0.304927619047619
"9445-SZLCH",1,0.30660847447417
"3920-HIHMQ",0,0.139412777408177
"7568-PODML",1,0.854823168474745
"4458-KVRBJ",0,0.0455642676200194
"8097-OMULG",0,0.0309011494252873
"0401-WDBXM",0,0.0442345867463178
"8364-TRMMK",1,0.612278340962985
"9605-WGJVW",0,0.803111927202867
"7356-AYNJP",0,0.0370374160116426
"8654-DHAOW",0,0.455477240002827
"9812-GHVRI",0,0.246946578534669
"4226-KKDON",0,0.0897930446883145
"3308-DGHKL",0,0.0214921446518038
"6198-PNNSZ",0,0.311061505682554
"3317-VLGQT",0,0.536644113664206
"5385-SUIRI",1,0.481227969638285
"5010-IPEAQ",0,0.00948412698412698
"4009-ALQFH",1,0.572443476732715
"6685-XSHHU",0,0.00839194974609191
"0118-JPNOY",0,0.402470978778386
"6776-TLWOI",1,0.110957908839596
"3845-FXCYS",0,0.380203431304928
"0725-CXOTM",0,0.112746118721461
"9000-PLFUZ",0,0.212127192982456
"7779-ORAEL",0,0.0875841807909605
"0644-OQMDK",0,0.683511963349002
"2868-MZAGQ",1,0.921989678813776
"1658-XUHBX",0,0.236659513117122
"1260-TTRXI",1,0.36616268192378
"3719-TDVQB",0,0.0168632411934623
"6981-TDRFT",0,0.140886243386243
"3413-CSSTH",0,0.215781680765015
"8033-VCZGH",0,0.203067349403778
"2988-QRAJY",0,0.105181642332573
"3417-TSCIC",0,0.170867182798153
"0042-JVWOJ",0,0.00598227798683648
"1452-UZOSF",0,0.0281363987342023
"6394-HHHZM",0,0.122597844787051
"8265-HKSOW",0,0.0129966044954567
"4759-PXTAN",0,0.063218278018278
"3428-MMGUB",0,0.17556111506653
"9074-KGVOX",0,0.149988235294118
"3751-KTZEL",1,0.500686395147331
"2661-GKBTK",0,0.0347634920634921
"7268-WNTCP",0,0.00132708830218165
"0824-VWDPO",0,0.0993952921519485
"3223-WZWJM",1,0.402576511209732
"7977-HXJKU",0,0.0134805674803106
"7033-CLAMM",0,0.0117424140303397
"7356-IWLFW",0,0.218908413499105
"9541-PWTWO",0,0.0182958454974175
"2754-XBHTB",1,0.595799727520522
"1597-LHYNC",1,0.473523171872023
"7055-VKGDA",1,0.31323255292659
"5022-JNQEQ",0,0.474380319333623
"4701-LKOZD",0,0.00227578192349319
"4378-MYPGO",0,0.0392647956254112
"4129-LYCOI",0,0.117230306827751
"7798-JVXYM",0,0.270145360416938
"8647-SDTWQ",0,0.364104578844743
"0902-RFHOF",0,0.00158193294479432
"5309-TAIKL",0,0.264248759983186
"8778-LMWTJ",0,0.555125684653048
"2845-KDHVX",0,0.0156497267759563
"6734-FQAJX",0,0.128369556420172
"2335-GSODA",0,0.0123166666666667
"3466-RITXD",0,0.412699060912153
"2974-GGUXS",0,0.550597082030579
"7994-XIRTR",0,0.0896666666666667
"2101-RANCD",0,0.417286480531357
"3653-NCRDJ",0,0.00570025199237969
"5119-NZPTV",0,0.506875352101422
"6519-ZHPXP",0,0.0564697594539058
"7739-LAXOG",1,0.280471153487074
"8668-KNZTI",0,0.0438333333333333
"6034-ZRYCV",1,0.117766666666667
"6608-QQLVK",1,0.737961829182505
"2995-YWTCD",0,0.0339241430573907
"2809-ZMYOQ",0,0.565383234560314
"3685-YLCMQ",1,0.44066154171839
"8634-MPHTR",1,0.532440740759876
"0419-YAAPX",0,0.334922641252487
"8413-VONUO",1,0.478110389103169
"2911-IJORQ",0,0.0808650192400192
"5921-NGYRH",0,0.281464262574723
"0488-GSLFR",1,0.954343224813791
"6103-QCKFX",0,0.110560386215092
"5708-EVONK",1,0.0734609161793372
"8708-XPXHZ",1,0.416447028018581
"0572-ZJKLT",0,0.113090684123693
"6166-YIPFO",0,0.0165666666666667
"2400-FEQME",0,0.00159464986958016
"4923-ADWXJ",0,0.0819751567660397
"1104-TNLZA",0,0.471311395314596
"3439-GVUSX",0,0.36642295719676
"1444-VVSGW",1,0.237151397656763
"5712-PTIWW",1,0.55644575201301
"5949-HGVJL",0,0.129638152499926
"6661-HBGWL",1,0.498542801329542
"1518-VOWAV",1,0.305640293246485
"2856-HYAPG",1,0.820334720630053
"4488-PSYCG",1,0.110256650639578
"2159-TURXX",0,0.109279715009809
"9626-WEQRM",0,0.444825255724685
"6258-PVZWJ",0,0.00467123391994339
"1094-BKOSX",0,0.137712121212121
"2342-CKIAO",0,0.12511935471218
"3938-YFPXD",0,0.0167059113300493
"6340-DACFT",0,0.000884783380880576
"4955-VCWBI",0,0.00154687123948246
"4701-AHWMW",1,0.100193273976257
"8317-BVKSO",0,0.0913423354779992
"6169-PGNCD",0,0.0159
"4657-FWVFY",0,0.306403782259443
"1000-AJSLD",1,0.533328461014296
"9770-LXDBK",0,0.187912567632683
"8344-WFMFH",0,0.23723803110988
"8822-KNBHV",0,0.0564090117112311
"2791-SFVEW",0,0.266220654885322
"9248-OJYKK",1,0.954663709854847
"1074-WVEVG",0,0.0172779887668739
"1226-IENZN",0,0.549936619654474
"4415-IJZTP",1,0.899349294462752
"3411-WLRSQ",0,0.7384596593407
"8722-PRFDV",0,0.0340344827586207
"8799-OXZMD",0,0.25961192866942
"1925-TIBLE",1,0.740259368098444
"1447-GIQMR",1,0.952433656026007
"0872-NXJYS",1,0.560678833301836
"2346-CZYIL",0,0.00221237514607027
"7605-SNLQG",0,0.226814988412573
"5161-XEUVX",0,0.161849122807018
"7895-VONWT",0,0.355404987660225
"3662-FXJFO",0,0.00480158403934998
"7103-IPXPJ",0,0.263941979949875
"4989-LIXVT",0,0.328585126959125
"7315-WYOAW",0,0.62432284127112
"1173-XZPYF",0,0.602869751454357
"2509-TFPJU",0,0.00196255633415752
"2256-YLYLP",0,0.0757371443624868
"5666-CYCYZ",0,0.539424720823634
"6500-JVEGC",0,0.0839270562770563
"2144-ESWKO",0,0.072881981981982
"5295-PCJOO",1,0.513820420908384
"9863-JZAIC",1,0.125735460903521
"7471-MQPOS",0,0.246452597402597
"9739-JLPQJ",0,0.105068801069037
"9916-AYHTC",0,0.00166419464016078
"3855-ONCAR",0,0.523112491634085
"7931-PXHFC",1,0.0910820512820513
"3259-KNMRR",0,0.152169626769627
"6120-RJKLU",0,0.1015339423112
"5893-KCLGT",0,0.00106186158336747
"1113-IUJYX",1,0.36320063416116
"6668-CNMFP",0,0.213745506324004
"5681-LLOEI",0,0.0897091223844649
"8212-DJRCH",0,0.552844783105582
"7758-XKCBS",1,0.271415300616422
"8992-JQYUN",1,0.766585216611688
"7009-LGECI",0,0.308143558280344
"7976-CICYS",0,0.0985405452147562
"8148-WOCMK",0,0.00857810754237356
"9173-IVZVP",0,0.00721706031739788
"9129-UXERG",0,0.637529364725695
"9700-ZCLOT",0,0.334617652130432
"1930-WNXSB",0,0.237019015649231
"1273-MTETI",1,0.849066297720996
"0295-PPHDO",1,0.944136099941334
"1195-OIYEJ",1,0.691719440173101
"4926-UMJZD",0,0.0892245505912527
"4501-EQDRN",1,0.872713564900422
"7384-GHBPI",1,0.61941111650116
"7470-DYNOE",0,0.0700911764705882
"7921-LMDFQ",0,0.22729130865485
"5820-PTRYM",0,0.0507611111111111
"9945-PSVIP",0,0.0232476204220993
"9108-EJFJP",0,0.570838708999161
"8267-ZNYVZ",1,0.397769042516208
"2595-KIWPV",0,0.00250373559481913
"2758-RNWXS",0,0.149266657427204
"9013-AQORL",0,0.272157935378988
"2750-BJLSB",0,0.307577369588964
"2075-RMJIK",0,0.301140122896336
"5392-AKEMH",0,0.41198156228839
"8155-IBNHG",1,0.402268492700777
"1264-FUHCX",0,0.181523076923077
"8739-WWKDU",1,0.792373782075543
"6439-PKTRR",0,0.0122
"5351-QESIO",0,0.401743622860129
"6633-SYEUS",0,0.117782248910123
"6447-GORXK",0,0.193102490022055
"6583-QGCSI",1,0.537340785833897
"1471-GIQKQ",0,0.337114065219921
"2823-LKABH",0,0.303147377482625
"9281-CEDRU",0,0.0210209688275414
"2234-XADUH",0,0.240573768363224
"4801-JZAZL",0,0.231374839441558
"8361-LTMKD",1,0.692653308059912
